INSERT INTO DIMENSION(ID, CODE, ALIAS, MODE, STRUCTURE) VALUES(1,  'DDIM', 'Dimenze dimenzí', 'SINGLE', 'FLAT');
INSERT INTO DIMENSION(ID, CODE, ALIAS, MODE, STRUCTURE) VALUES(2,  'DFAC', 'Dimenze faktů', 'SINGLE', 'FLAT');
INSERT INTO DIMENSION(ID, CODE, ALIAS, MODE, STRUCTURE) VALUES(3,  'DIMT', 'Typ dimenze', 'SINGLE', 'FLAT');
INSERT INTO DIMENSION(ID, CODE, ALIAS, MODE, STRUCTURE) VALUES(4,  'DIMM', 'Mód dimenze', 'SINGLE', 'FLAT');
INSERT INTO DIMENSION(ID, CODE, ALIAS, MODE, STRUCTURE) VALUES(5,  'DDTS', 'Timestamp', 'VIRTUAL', 'FLAT');
INSERT INTO DIMENSION(ID, CODE, ALIAS, MODE, STRUCTURE) VALUES(6,  'DDAT', 'Date', 'VIRTUAL', 'FLAT');
INSERT INTO DIMENSION(ID, CODE, ALIAS, MODE, STRUCTURE) VALUES(7,  'DCPV', 'CPV', 'SINGLE', 'FLAT');
INSERT INTO DIMENSION(ID, CODE, ALIAS, MODE, STRUCTURE) VALUES(8,  'DEBK', 'EBK', 'SINGLE', 'FLAT');
INSERT INTO DIMENSION(ID, CODE, ALIAS, MODE, STRUCTURE) VALUES(9,  'DCUR', 'Měna', 'SINGLE', 'FLAT');
INSERT INTO DIMENSION(ID, CODE, ALIAS, MODE, STRUCTURE) VALUES(10, 'DFUN', 'Rozpočet', 'SINGLE', 'FLAT');
INSERT INTO DIMENSION(ID, CODE, ALIAS, MODE, STRUCTURE) VALUES(11, 'DITS', 'Stav údaje', 'SINGLE', 'FLAT');
INSERT INTO DIMENSION(ID, CODE, ALIAS, MODE, STRUCTURE) VALUES(12, 'FFUF', 'Rozpočtový formulář', 'MULTI', 'FLAT');
INSERT INTO DIMENSION(ID, CODE, ALIAS, MODE, STRUCTURE) VALUES(13, 'DPER', 'Období', 'SINGLE', 'FLAT');
INSERT INTO DIMENSION(ID, CODE, ALIAS, MODE, STRUCTURE) VALUES(14, 'DFOT', 'Typ formuláře', 'SINGLE', 'FLAT');
INSERT INTO DIMENSION(ID, CODE, ALIAS, MODE, STRUCTURE) VALUES(15, 'DFOS', 'Stav formuláře', 'SINGLE', 'FLAT');
INSERT INTO DIMENSION(ID, CODE, ALIAS, MODE, STRUCTURE) VALUES(16, 'FORG', 'Organizace', 'SINGLE', 'TREE');
INSERT INTO DIMENSION(ID, CODE, ALIAS, MODE, STRUCTURE) VALUES(17, 'DORC', 'Kategorie organizace', 'SINGLE', 'FLAT');
INSERT INTO DIMENSION(ID, CODE, ALIAS, MODE, STRUCTURE) VALUES(18, 'DORR', 'Region organizace', 'SINGLE', 'FLAT');
INSERT INTO DIMENSION(ID, CODE, ALIAS, MODE, STRUCTURE) VALUES(19, 'DAMT', 'Amount', 'SINGLE', 'FLAT');

INSERT INTO DIMENSION_VALUE(ID, CODE, ALIAS, DIMENSION_ID, PARENT_ID) VALUES(1,  'FFUF', 'Rozpočtový formulář', 2, NULL);
INSERT INTO DIMENSION_VALUE(ID, CODE, ALIAS, DIMENSION_ID, PARENT_ID) VALUES(2,  'FITM', 'Údaj', 2, NULL);
INSERT INTO DIMENSION_VALUE(ID, CODE, ALIAS, DIMENSION_ID, PARENT_ID) VALUES(3,  'FCRR', 'Kurz měny', 2, NULL);
INSERT INTO DIMENSION_VALUE(ID, CODE, ALIAS, DIMENSION_ID, PARENT_ID) VALUES(4,  'FORG', 'Organizace', 2, NULL);
INSERT INTO DIMENSION_VALUE(ID, CODE, ALIAS, DIMENSION_ID, PARENT_ID) VALUES(5,  'FLAT', 'Plochá', 3, NULL);
INSERT INTO DIMENSION_VALUE(ID, CODE, ALIAS, DIMENSION_ID, PARENT_ID) VALUES(6,  'TREE', 'Hierarchická', 3, NULL);
INSERT INTO DIMENSION_VALUE(ID, CODE, ALIAS, DIMENSION_ID, PARENT_ID) VALUES(7,  'VIRT', 'Virtuální', 3, NULL);
INSERT INTO DIMENSION_VALUE(ID, CODE, ALIAS, DIMENSION_ID, PARENT_ID) VALUES(8,  'SING', 'Jednohodnotová', 4, NULL);
INSERT INTO DIMENSION_VALUE(ID, CODE, ALIAS, DIMENSION_ID, PARENT_ID) VALUES(9,  'MULT', 'Vícehodnotová', 4, NULL);
INSERT INTO DIMENSION_VALUE(ID, CODE, ALIAS, DIMENSION_ID, PARENT_ID) VALUES(10, 'TIMS', 'Datum a čas', 4, NULL);
INSERT INTO DIMENSION_VALUE(ID, CODE, ALIAS, DIMENSION_ID, PARENT_ID) VALUES(11, 'DATE', 'Datum', 4, NULL);
INSERT INTO DIMENSION_VALUE(ID, CODE, ALIAS, DIMENSION_ID, PARENT_ID) VALUES(12, 'CZK', 'Česká koruna', 9, NULL);
INSERT INTO DIMENSION_VALUE(ID, CODE, ALIAS, DIMENSION_ID, PARENT_ID) VALUES(13, 'EUR', 'Evropské euro', 9, NULL);
INSERT INTO DIMENSION_VALUE(ID, CODE, ALIAS, DIMENSION_ID, PARENT_ID) VALUES(14, 'USD', 'US Americký dolar', 9, NULL);
INSERT INTO DIMENSION_VALUE(ID, CODE, ALIAS, DIMENSION_ID, PARENT_ID) VALUES(15, 'UAH', 'Ukrajinská hřivna', 9, NULL);
INSERT INTO DIMENSION_VALUE(ID, CODE, ALIAS, DIMENSION_ID, PARENT_ID) VALUES(16, 'KZT', 'Kazachstán tenge', 9, NULL);
INSERT INTO DIMENSION_VALUE(ID, CODE, ALIAS, DIMENSION_ID, PARENT_ID) VALUES(17, 'GEL', 'Gruzie lari', 9, NULL);
INSERT INTO DIMENSION_VALUE(ID, CODE, ALIAS, DIMENSION_ID, PARENT_ID) VALUES(18, 'BYR', 'Bělorusko rubl', 9, NULL);
INSERT INTO DIMENSION_VALUE(ID, CODE, ALIAS, DIMENSION_ID, PARENT_ID) VALUES(19, 'GBP', 'Britská libra', 9, NULL);
INSERT INTO DIMENSION_VALUE(ID, CODE, ALIAS, DIMENSION_ID, PARENT_ID) VALUES(20, 'BGN', 'Bulharský leva', 9, NULL);

INSERT INTO FACT(CODE, ALIAS, NAME, PARENT_ID) VALUES('FFUF', 'Funding form 1', 'Testovací účetní formulář', NULL);
INSERT INTO FACT(CODE, ALIAS, NAME, PARENT_ID) VALUES('FITM', 'Item 1', 'Testovací účetní položka - síťové prvky', NULL);
INSERT INTO FACT(CODE, ALIAS, NAME, PARENT_ID) VALUES('FITM', 'Item 2', 'Testovací účetní položka - diskové pole', NULL);
INSERT INTO FACT(CODE, ALIAS, NAME, PARENT_ID) VALUES('FORG', 'Organizace', 'Testovací organizace', NULL);

INSERT INTO FACT_VALUE(CODE, ALIAS, DIMENSION_ID, FACT_ID, DIMENSION_VALUE_ID, VALUE_VALUE, TYPE) VALUES(NULL, 'item1-amount', 19, 2, NULL, '100000', 'LONG');